Workbook

Sheet Raw Data
A1: Supplier Name | B1: Supplier Code | C1: Pos Delivered | D1: Pos On Time | E1: Parts Received | F1: Defective Parts | G1: Invoices Matched
A2: Trident Sealing | B2: SUP-001 | C2: 20 | D2: 18 | E2: 12000 | F2: 48 | G2: 20
A3: Lianfeng Components | B3: SUP-002 | C3: 15 | D3: 11 | E3: 30000 | F3: 420 | G3: 14
A4: Pacific Metal Works | B4: SUP-003 | C4: 22 | D4: 21 | E4: 8500 | F4: 17 | G4: 22
A5: Apex Fasteners | B5: SUP-004 | C5: 18 | D5: 16 | E5: 22000 | F5: 110 | G5: 17
A6: Cascade Polymers | B6: SUP-005 | C6: 12 | D6: 12 | E6: 5200 | F6: 10 | G6: 12
A7: Hangzhou Precision | B7: SUP-006 | C7: 25 | D7: 19 | E7: 41000 | F7: 615 | G7: 23
A8: Delta Rubber Co. | B8: SUP-007 | C8: 10 | D8: 9 | E8: 3800 | F8: 23 | G8: 10
A9: NorCal Stamping | B9: SUP-008 | C9: 16 | D9: 15 | E9: 11400 | F9: 34 | G9: 15
A10: Kelso Industrial | B10: SUP-009 | C10: 8 | D10: 6 | E10: 6700 | F10: 134 | G10: 7
A11: Brightline Logistics | B11: SUP-010 | C11: 30 | D11: 27 | E11: 0 | F11: 0 | G11: 29
E14: =G2/C2 -> 1

Sheet Scorecard
A1: Meridian Industrial Systems - Supplier Scorecard Q2 2026
A3: Total Suppliers | B3: =COUNTA(A8:A17) -> 10
A4: Good Standing | B4: =COUNTIF(G8:G17,"Good Standing") -> 7
A5: Need Improvement | B5: =COUNTIF(G8:G17,"Needs improvement") -> 3
A6: Average Score | B6: =AVERAGE(F8:F17) -> 93.50046
A7: Supplier name | B7: Supplier Code | C7: Delivery Score | D7: Quality Score | E7: Invoice Score | F7: Total Score (%) | G7: Rating | H7: Action
A8: ='Raw Data'!A2 -> Trident Sealing | B8: ='Raw Data'!B2 -> SUP-001 | C8: ='Raw Data'!D2/'Raw Data'!C2*100 -> 90 | D8: =IFERROR(('Raw Data'!E2-'Raw Data'!F2)/'Raw Data'!E2*100, "N/A") -> 99.6 | E8: =IFERROR('Raw Data'!G2/'Raw Data'!C2*100, "N/A") -> 100 | F8: =IFERROR(C8*0.4+D8*0.4+E8*0.2,"N/A") -> 95.84 | G8: =IF(F8>=90,"Good Standing",IF(F8>=75,"Needs improvement", "At Risk")) -> Good Standing | H8: =IF(F8>=90,"No action required",IF(F8>=75,"Schedule review call ","Escalate to manager")) -> No action required
A9: ='Raw Data'!A3 -> Lianfeng Components | B9: ='Raw Data'!B3 -> SUP-002 | C9: ='Raw Data'!D3/'Raw Data'!C3*100 -> 73.333333 | D9: =IFERROR(('Raw Data'!E3-'Raw Data'!F3)/'Raw Data'!E3*100, "N/A") -> 98.6 | E9: =IFERROR('Raw Data'!G3/'Raw Data'!C3*100, "N/A") -> 93.333333 | F9: =IFERROR(C9*0.4+D9*0.4+E9*0.2,"N/A") -> 87.44 | G9: =IF(F9>=90,"Good Standing",IF(F9>=75,"Needs improvement", "At Risk")) -> Needs improvement | H9: =IF(F9>=90,"No action required",IF(F9>=75,"Schedule review call ","Escalate to manager")) -> Schedule review call
A10: ='Raw Data'!A4 -> Pacific Metal Works | B10: ='Raw Data'!B4 -> SUP-003 | C10: ='Raw Data'!D4/'Raw Data'!C4*100 -> 95.454545 | D10: =IFERROR(('Raw Data'!E4-'Raw Data'!F4)/'Raw Data'!E4*100, "N/A") -> 99.8 | E10: =IFERROR('Raw Data'!G4/'Raw Data'!C4*100, "N/A") -> 100 | F10: =IFERROR(C10*0.4+D10*0.4+E10*0.2,"N/A") -> 98.101818 | G10: =IF(F10>=90,"Good Standing",IF(F10>=75,"Needs improvement", "At Risk")) -> Good Standing | H10: =IF(F10>=90,"No action required",IF(F10>=75,"Schedule review call ","Escalate to manager")) -> No action required
A11: ='Raw Data'!A5 -> Apex Fasteners | B11: ='Raw Data'!B5 -> SUP-004 | C11: ='Raw Data'!D5/'Raw Data'!C5*100 -> 88.888889 | D11: =IFERROR(('Raw Data'!E5-'Raw Data'!F5)/'Raw Data'!E5*100, "N/A") -> 99.5 | E11: =IFERROR('Raw Data'!G5/'Raw Data'!C5*100, "N/A") -> 94.444444 | F11: =IFERROR(C11*0.4+D11*0.4+E11*0.2,"N/A") -> 94.244444 | G11: =IF(F11>=90,"Good Standing",IF(F11>=75,"Needs improvement", "At Risk")) -> Good Standing | H11: =IF(F11>=90,"No action required",IF(F11>=75,"Schedule review call ","Escalate to manager")) -> No action required
A12: ='Raw Data'!A6 -> Cascade Polymers | B12: ='Raw Data'!B6 -> SUP-005 | C12: ='Raw Data'!D6/'Raw Data'!C6*100 -> 100 | D12: =IFERROR(('Raw Data'!E6-'Raw Data'!F6)/'Raw Data'!E6*100, "N/A") -> 99.807692 | E12: =IFERROR('Raw Data'!G6/'Raw Data'!C6*100, "N/A") -> 100 | F12: =IFERROR(C12*0.4+D12*0.4+E12*0.2,"N/A") -> 99.923077 | G12: =IF(F12>=90,"Good Standing",IF(F12>=75,"Needs improvement", "At Risk")) -> Good Standing | H12: =IF(F12>=90,"No action required",IF(F12>=75,"Schedule review call ","Escalate to manager")) -> No action required
A13: ='Raw Data'!A7 -> Hangzhou Precision | B13: ='Raw Data'!B7 -> SUP-006 | C13: ='Raw Data'!D7/'Raw Data'!C7*100 -> 76 | D13: =IFERROR(('Raw Data'!E7-'Raw Data'!F7)/'Raw Data'!E7*100, "N/A") -> 98.5 | E13: =IFERROR('Raw Data'!G7/'Raw Data'!C7*100, "N/A") -> 92 | F13: =IFERROR(C13*0.4+D13*0.4+E13*0.2,"N/A") -> 88.2 | G13: =IF(F13>=90,"Good Standing",IF(F13>=75,"Needs improvement", "At Risk")) -> Needs improvement | H13: =IF(F13>=90,"No action required",IF(F13>=75,"Schedule review call ","Escalate to manager")) -> Schedule review call
A14: ='Raw Data'!A8 -> Delta Rubber Co. | B14: ='Raw Data'!B8 -> SUP-007 | C14: ='Raw Data'!D8/'Raw Data'!C8*100 -> 90 | D14: =IFERROR(('Raw Data'!E8-'Raw Data'!F8)/'Raw Data'!E8*100, "N/A") -> 99.394737 | E14: =IFERROR('Raw Data'!G8/'Raw Data'!C8*100, "N/A") -> 100 | F14: =IFERROR(C14*0.4+D14*0.4+E14*0.2,"N/A") -> 95.757895 | G14: =IF(F14>=90,"Good Standing",IF(F14>=75,"Needs improvement", "At Risk")) -> Good Standing | H14: =IF(F14>=90,"No action required",IF(F14>=75,"Schedule review call ","Escalate to manager")) -> No action required
A15: ='Raw Data'!A9 -> NorCal Stamping | B15: ='Raw Data'!B9 -> SUP-008 | C15: ='Raw Data'!D9/'Raw Data'!C9*100 -> 93.75 | D15: =IFERROR(('Raw Data'!E9-'Raw Data'!F9)/'Raw Data'!E9*100, "N/A") -> 99.701754 | E15: =IFERROR('Raw Data'!G9/'Raw Data'!C9*100, "N/A") -> 93.75 | F15: =IFERROR(C15*0.4+D15*0.4+E15*0.2,"N/A") -> 96.130702 | G15: =IF(F15>=90,"Good Standing",IF(F15>=75,"Needs improvement", "At Risk")) -> Good Standing | H15: =IF(F15>=90,"No action required",IF(F15>=75,"Schedule review call ","Escalate to manager")) -> No action required
A16: ='Raw Data'!A10 -> Kelso Industrial | B16: ='Raw Data'!B10 -> SUP-009 | C16: ='Raw Data'!D10/'Raw Data'!C10*100 -> 75 | D16: =IFERROR(('Raw Data'!E10-'Raw Data'!F10)/'Raw Data'!E10*100, "N/A") -> 98 | E16: =IFERROR('Raw Data'!G10/'Raw Data'!C10*100, "N/A") -> 87.5 | F16: =IFERROR(C16*0.4+D16*0.4+E16*0.2,"N/A") -> 86.7 | G16: =IF(F16>=90,"Good Standing",IF(F16>=75,"Needs improvement", "At Risk")) -> Needs improvement | H16: =IF(F16>=90,"No action required",IF(F16>=75,"Schedule review call ","Escalate to manager")) -> Schedule review call
A17: ='Raw Data'!A11 -> Brightline Logistics | B17: ='Raw Data'!B11 -> SUP-010 | C17: ='Raw Data'!D11/'Raw Data'!C11*100 -> 90 | D17: =IFERROR(('Raw Data'!E11-'Raw Data'!F11)/'Raw Data'!E11*100, "N/A") -> N/A | E17: =IFERROR('Raw Data'!G11/'Raw Data'!C11*100, "N/A") -> 96.666667 | F17: =IFERROR(C17*0.6+E17*0.4,"N/A") -> 92.666667 | G17: =IF(F17>=90,"Good Standing",IF(F17>=75,"Needs improvement", "At Risk")) -> Good Standing | H17: =IF(F17>=90,"No action required",IF(F17>=75,"Schedule review call ","Escalate to manager")) -> No action required
